date,ticker,gain_pct,relative_volume,close
2024-10-21,ACFN,16.88,2.71,13.5
2024-11-07,ACFN,12.05,8.04,15.81
2025-07-23,ACFN,13.23,13.4,18.06
2026-01-05,ACFN,26.61,2.83,19.27
2025-09-03,AEI,31.48,101.17,2.13
2025-10-27,AEI,14.95,2.21,3.23
2025-12-03,AEI,17.05,3.19,3.09
2025-12-31,AEI,25.55,3.83,3.44
2026-01-07,AEI,11.73,2.31,3.81
2026-02-25,AGPU,17.19,3.09,2.59
2026-04-01,AGPU,119.75,2258.62,3.56
2026-04-22,AGPU,79.3,14.65,8.75
2026-05-26,AGPU,29.59,3.24,6.92
2024-12-30,AISPW,23.43,2.33,2.16
2025-02-13,AISPW,18.12,4.51,2.33
2025-10-06,AISPW,40.0,6.51,3.08
2025-10-14,AISPW,21.92,2.54,2.39
2024-08-16,ALTS,25.41,15.58,2.27
2024-08-19,ALTS,28.63,13.36,2.92
2024-10-15,ALTS,20.22,2.13,2.14
2024-12-02,ALTS,13.42,2.22,2.62
2024-12-06,ALTS,16.54,2.52,3.03
2024-12-23,ALTS,12.76,3.34,4.33
2025-01-07,ALTS,15.84,2.13,6.8
2025-04-17,ALTS,21.46,3.53,5.15
2025-05-23,ALTS,24.09,5.66,8.91
2025-08-07,ALTS,20.83,2.49,8.18
2025-08-13,ALTS,16.78,4.76,6.96
2025-10-28,ALTS,17.52,2.27,2.65
2026-01-14,ALTS,30.94,5.2,2.37
2026-05-14,ANY,14.08,3.05,2.43
2026-06-01,ANY,111.58,555.37,4.02
2026-06-03,ANY,44.5,3.68,5.65
2024-08-28,ASST,42.78,15.15,2.77
2024-09-03,ASST,44.37,3.62,2.05
2024-09-04,ASST,29.76,6.96,2.66
2025-05-07,ASST,455.74,1312.0,3.39
2025-05-08,ASST,126.84,15.1,7.69
2025-07-07,ASST,63.47,36.29,6.98
2025-08-11,ASST,29.79,2.2,4.27
2025-08-26,ASST,16.46,2.88,5.59
2025-09-09,ASST,17.82,3.25,6.28
2025-09-10,ASST,28.82,10.24,8.09
2025-09-19,ASST,12.57,2.45,4.3
2026-04-17,ASST,11.66,2.21,15.61
2024-07-31,ATOM,13.23,3.84,3.51
2024-10-09,ATOM,15.36,4.4,3.23
2024-10-10,ATOM,12.07,5.06,3.62
2024-10-30,ATOM,28.23,4.13,4.27
2024-11-07,ATOM,14.63,2.11,5.25
2024-12-26,ATOM,23.09,3.4,12.58
2024-12-27,ATOM,13.43,3.46,14.27
2025-01-03,ATOM,27.9,2.84,16.55
2025-02-13,ATOM,25.0,2.02,6.65
2025-05-07,ATOM,18.54,4.83,6.01
2025-09-22,ATOM,18.55,4.04,4.41
2025-10-23,ATOM,12.74,2.34,3.23
2026-01-27,ATOM,16.55,4.64,3.31
2026-02-13,ATOM,64.02,45.75,3.92
2026-02-17,ATOM,46.17,17.46,5.73
2026-04-20,ATOM,18.5,2.32,6.34
2026-04-24,ATOM,38.93,32.23,8.6
2026-05-01,ATOM,35.57,3.13,11.09
2024-07-30,AXIL,13.27,5.31,6.649
2025-01-23,AXIL,19.0,4.16,4.748
2025-01-24,AXIL,39.01,9.64,6.6
2025-02-13,AXIL,18.31,2.77,7.82
2025-02-18,AXIL,16.96,4.75,9.98
2025-04-11,AXIL,14.61,5.12,5.1
2025-06-17,AXIL,12.06,2.62,6.04
2025-07-17,AXIL,10.77,3.48,5.76
2025-07-18,AXIL,18.49,2.16,6.825
2025-08-04,AXIL,12.78,2.45,9.97
2025-09-10,AXIL,39.57,6.47,7.13
2025-10-16,AXIL,15.47,2.45,6.12
2025-12-11,AXIL,59.36,3101.91,8.0
2024-11-26,BDMD,20.02,5.21,2.4004
2024-12-19,BDMD,50.32,21.27,2.33
2024-12-23,BDMD,12.02,3.22,2.05
2024-12-31,BDMD,623.81,921.99,7.6
2025-01-17,BDMD,63.28,3.62,8.85
2025-03-12,BDMD,14.5,4.0,5.29
2025-04-23,BDMD,15.88,4.28,6.64
2025-06-02,BDMD,14.55,3.94,4.41
2025-06-13,BDMD,25.29,7.53,5.4
2025-06-17,BDMD,26.51,3.36,7.1
2024-09-10,BKYI,97.04,13850.92,2.0
2024-09-11,BKYI,15.5,2.08,2.31
2024-12-30,BKYI,68.79,15.96,2.38
2025-01-15,BKYI,66.42,212.33,2.28
2026-06-23,BKYI,19.49,2.52,4.66
2026-07-07,BKYI,43.35,21.51,5.89
2025-02-19,BOWN,18.0,2.28,4.13
2025-03-19,BOWN,47.51,392.58,6.38
2025-04-22,BOWN,45.29,2.63,14.5
2025-06-30,BOWN,17.83,11.62,10.51
2024-11-11,BTM,54.02,134.79,2.68
2025-05-15,BTM,22.94,49.01,2.09
2025-05-16,BTM,28.23,6.63,2.68
2025-05-19,BTM,11.94,3.79,3.0
2025-05-22,BTM,16.23,2.86,3.51
2025-10-01,BTM,13.69,6.55,3.82
2025-10-06,BTM,14.03,4.41,4.39
2026-04-08,BTM,15.61,2.21,2.74
2026-04-13,BTM,49.81,21.21,3.94
2026-04-20,BTM,20.94,3.64,6.41
2026-04-22,BTM,18.38,2.09,7.6
2025-02-04,BYON,33.33,3.03,9.68
2025-07-21,BYON,22.49,3.33,10.84
2024-08-12,CELZ,16.74,16.69,3.4089
2024-10-09,CELZ,15.98,11.9,3.63
2024-10-15,CELZ,17.78,3.55,5.3
2024-10-30,CELZ,10.44,3.46,4.23
2025-01-28,CELZ,21.62,4.49,3.15
2025-02-07,CELZ,19.15,2.01,4.23
2025-02-13,CELZ,11.14,5.72,4.59
2025-02-19,CELZ,26.8,2.66,6.15
2025-03-04,CELZ,14.75,2.11,5.99
2025-04-11,CELZ,22.22,3.37,2.2
2025-06-18,CELZ,11.61,4.7,2.5
2025-07-09,CELZ,46.47,35.34,3.94
2025-10-24,CELZ,18.16,4.8,4.88
2024-12-23,CHEK,281.36,2593.73,2.25
2025-09-15,CHEK,184.22,85.41,2.12
2025-09-16,CHEK,18.87,2.23,2.52
2024-12-10,CMRX,219.08,150.39,2.76
2025-02-18,CMRX,10.27,3.29,4.83
2025-03-05,CMRX,70.56,57.14,8.46
2024-08-26,COMP,11.5,3.29,5.72
2024-10-31,COMP,14.21,2.41,6.35
2025-01-15,COMP,19.35,3.13,6.66
2025-02-19,COMP,28.32,5.43,10.24
2026-04-08,COMP,11.38,2.31,7.44
2026-05-06,COMP,27.27,2.93,9.24
2025-03-19,CSAI,41.83,8.67,7.9
2025-04-01,CSAI,28.38,73.36,5.7
2025-06-30,CSAI,16.32,3.9,2.21
2025-07-15,CYCC,272.51,25.36,12.33
2025-07-18,CYCC,58.81,4.86,13.07
2025-02-20,DBRG,13.86,3.41,12.24
2025-04-09,DBRG,17.21,2.18,7.97
2025-05-15,DBRG,24.4,7.77,11.83
2025-09-11,DBRG,10.21,2.93,12.31
2025-10-14,DBRG,15.71,5.75,13.48
2025-12-05,DBRG,45.27,18.47,14.12
2024-09-24,DJTWW,11.83,5.62,7.94
2024-09-25,DJTWW,13.29,2.14,8.995
2024-09-27,DJTWW,10.47,8.76,9.5
2025-03-25,DJTWW,12.86,2.15,14.7399
2025-04-09,DJTWW,13.36,2.21,12.47
2025-12-18,DJTWW,66.38,15.99,7.62
2025-12-19,DJTWW,30.44,11.15,9.9399
2026-02-09,DJTWW,11.13,2.24,6.69
2025-10-22,DZZ,33.67,49.36,2.66
2025-10-27,DZZ,133.89,55.76,8.42
2025-10-28,DZZ,12.83,4.08,9.5
2025-12-23,DZZ,23.69,15.79,3.55
2025-12-29,DZZ,11.43,4.33,3.9
2026-01-29,DZZ,18.15,12.12,3.84
2026-04-21,DZZ,10.55,5.79,2.891
2026-06-25,DZZ,12.25,7.37,2.071
2025-04-15,ENSC,14.29,35.23,2.24
2025-04-23,ENSC,96.26,497.44,3.67
2024-07-26,ESLA,29.24,108.72,2.21
2025-10-22,ESLA,24.6,3.24,2.33
2025-11-03,ESLA,26.03,2.75,3.05
2025-06-30,FATN,26.15,2.93,9.84
2025-08-13,FATN,20.66,2.5,7.3
2025-09-19,FATN,47.92,844.45,8.89
2025-12-19,FATN,20.69,3.69,2.8
2026-02-03,FATN,41.3,67.04,2.6
2026-03-26,FATN,37.57,38.34,2.38
2026-04-29,FATN,18.66,11.25,2.48
2026-04-30,FATN,22.58,405.32,3.04
2024-10-16,FMST,14.77,3.55,2.72
2025-01-27,FMST,10.33,52.01,2.03
2025-05-15,FMST,20.57,2.91,2.11
2025-05-16,FMST,14.22,4.85,2.41
2025-05-27,FMST,23.66,2.58,3.24
2025-05-28,FMST,16.36,3.78,3.77
2025-06-05,FMST,12.92,2.66,5.42
2025-07-29,FMST,10.57,7.1,2.51
2025-08-05,FMST,15.68,2.41,3.32
2025-08-18,FMST,24.6,3.71,3.09
2025-10-06,FMST,17.45,3.25,3.5
2025-10-13,FMST,20.06,2.14,3.77
2025-10-15,FMST,10.82,3.18,4.3
2024-11-18,GLE,25.12,3.17,5.08
2025-01-23,GLE,13.97,5.96,2.04
2025-05-23,GLE,19.72,5.48,2.55
2025-05-27,GLE,10.78,4.28,2.825
2025-06-03,GLE,17.94,2.9,2.63
2025-03-05,GRRRW,36.65,2.51,2.2
2024-11-11,GWH,19.11,2.67,9.85
2024-12-27,GWH,15.54,2.39,6.47
2025-02-18,GWH,35.41,4.36,5.43
2025-05-13,GWH,14.29,9.01,2.8
2025-07-22,GWH,33.33,4.02,2.08
2025-07-23,GWH,19.71,4.05,2.49
2025-10-06,GWH,16.86,5.4,2.01
2025-10-10,GWH,141.86,329.17,4.16
2025-10-13,GWH,117.55,10.93,9.05
2025-05-23,HONDW,75.78,19.33,2.25
2025-08-12,HONDW,30.21,23.37,2.5
2025-09-15,HONDW,10.34,7.77,3.04
2025-09-19,HONDW,28.57,3.61,4.5
2025-09-23,HONDW,15.56,7.22,5.2
2025-09-24,HONDW,25.0,3.37,6.5
2025-07-22,HTOO,56.78,13.69,6.71
2025-07-25,HTOO,47.78,5.52,6.99
2025-12-03,HTOO,11.71,335.7,3.91
2024-11-27,HURA,44.7,45.37,5.05
2024-11-29,HURA,29.9,7.66,6.56
2024-12-04,HURA,12.95,2.19,6.28
2024-12-20,HURA,12.0,2.13,4.48
2025-01-10,HURA,16.31,3.12,4.85
2025-01-29,HURA,17.17,3.83,5.05
2025-03-18,HURA,15.7,2.03,2.8
2025-03-19,HURA,37.5,6.37,3.85
2025-08-11,HURA,32.61,32.01,3.05
2026-04-10,HURA,15.82,2.21,2.27
2026-04-13,HURA,26.43,4.5,2.87
2026-06-18,HURA,15.77,2.3,2.57
2024-10-22,HYZN,32.12,268.72,2.55
2024-12-06,ILLR,11.27,2.38,3.85
2026-06-25,ILLR,296.57,78.06,3.05
2026-06-26,ILLR,46.23,6.03,4.46
2024-07-29,ISPO,50.57,520.95,5.24
2024-07-30,ISPO,47.33,100.79,7.72
2025-01-10,ISPO,11.94,2.05,5.72
2025-06-20,ISPO,17.79,4.18,4.37
2025-11-13,ISPO,11.59,10.78,2.6
2025-12-17,ISPO,46.83,382.34,4.17
2024-10-21,JCSE,59.29,195.27,2.23
2024-11-12,KAPA,51.05,49.27,2.0543
2025-01-13,KAPA,119.59,1039.28,2.13
2025-04-17,KZIA,366.17,3.15,3.3
2025-06-03,KZIA,26.72,7.19,4.79
2025-06-04,KZIA,11.8,2.23,5.355
2025-06-11,KZIA,81.53,1748.36,9.54
2025-07-09,KZIA,39.63,4.02,9.53
2025-11-19,KZIA,34.38,66.11,7.74
2026-01-05,KZIA,14.4,2.43,5.72
2026-02-26,KZIA,16.45,2.11,8.85
2026-03-03,KZIA,13.36,2.25,10.01
2026-04-07,KZIA,31.06,3.67,9.62
2026-04-22,KZIA,12.6,4.88,11.53
2024-08-30,LESL,20.8,2.37,3.02
2024-09-30,LESL,10.49,2.31,3.16
2024-11-22,LESL,11.15,2.08,3.19
2024-11-25,LESL,10.03,2.76,3.51
2024-12-09,LESL,12.29,2.17,2.65
2025-12-02,LESL,21.36,4.48,3.58
2026-05-14,LESL,144.76,216.64,3.5
2024-08-23,LIND,17.68,3.8,10.45
2024-11-05,LIND,25.24,10.49,11.71
2024-11-06,LIND,12.21,3.66,13.14
2025-08-05,LIND,10.36,3.84,13.63
2026-01-12,LIND,12.3,4.4,16.89
2024-10-07,LOBO,56.86,80.69,3.2
2024-08-29,LUCY,53.78,877.8,5.09
2024-10-29,LUCY,28.93,149.28,7.71
2025-01-06,LUCY,15.52,4.86,6.4
2025-04-09,LUCY,36.87,25.47,2.45
2025-04-10,LUCY,102.04,355.73,4.95
2025-05-14,LUCY,46.46,78.65,2.9
2025-06-20,LUCY,54.82,589.42,3.53
2025-08-14,LUCY,10.0,2.59,2.2
2025-09-22,LUCY,10.31,3.25,2.14
2025-06-04,LYEL,68.59,2.75,13.47
2025-07-25,LYEL,19.31,4.3,12.42
2025-07-28,LYEL,10.55,2.01,13.73
2025-05-19,MDCXW,25.11,4.93,2.74
2025-05-20,MDCXW,13.16,5.42,3.1005
2024-08-21,MMA,24.34,3.86,3.295
2024-09-03,MMA,21.8,2.04,3.73
2024-10-22,MMA,23.81,3.06,2.08
2026-04-30,MRDN,21.5,6.39,9.89
2026-05-01,MRDN,11.22,2.75,11.0
2026-05-04,MRDN,16.82,11.89,12.85
2025-12-09,NCEL,17.57,6.24,4.55
2026-01-12,NCEL,13.7,23.43,2.49
2026-04-10,NCEL,19.14,2.76,2.49
2026-04-21,NCEL,19.43,9.27,3.38
2026-04-23,NCEL,34.15,8.49,4.91
2026-04-30,NCEL,28.95,2.65,4.41
2024-07-10,NERV,10.78,5.73,3.35
2025-01-28,NERV,13.08,5.82,2.68
2025-07-16,NERV,16.07,24.66,2.105
2025-08-15,NERV,25.35,29.46,2.25
2025-10-08,NERV,29.82,42.53,2.83
2025-10-21,NERV,140.98,240.64,6.41
2026-02-02,NERV,15.27,2.63,4.68
2026-02-09,NERV,17.71,4.03,5.65
2026-02-10,NERV,11.68,2.47,6.31
2026-03-09,NERV,33.11,4.08,8.0
2026-05-20,NERV,15.37,3.19,5.03
2024-10-02,NKLA,19.57,5.85,5.56
2024-10-28,NKLA,20.14,2.7,5.31
2024-10-17,NPWR,11.61,2.76,7.98
2024-11-12,NPWR,24.64,3.7,11.33
2024-11-13,NPWR,13.33,2.81,12.84
2025-05-29,NPWR,31.43,15.04,2.3
2025-06-03,NPWR,24.32,3.35,2.76
2025-06-06,NPWR,35.81,2.92,2.92
2025-09-18,NPWR,17.41,2.46,2.63
2025-09-23,NPWR,14.06,3.72,2.92
2025-10-06,NPWR,10.95,2.21,3.75
2025-10-08,NPWR,23.65,6.12,4.34
2025-10-14,NPWR,22.65,2.21,4.82
2025-10-29,NPWR,20.0,2.26,4.14
2026-05-12,NPWR,21.57,4.96,2.48
2024-10-24,NUKK,825.38,6.42,2.53
2024-12-17,NUKK,754.68,1650.83,11.88
2025-02-26,NUKK,28.28,2.33,13.29
2025-02-28,NUKK,11.51,2.36,15.7
2025-04-23,NUKK,11.89,2.3,16.0
2025-05-20,NUKK,20.95,6.56,19.4
2025-06-13,NUKK,15.43,19.7,13.99
2025-08-26,NUKK,17.41,157.14,5.8
2025-08-29,NUKK,31.98,28.87,4.87
2025-11-25,NUKK,19.58,8.41,6.29
2026-01-08,NUKK,25.0,3.09,4.25
2024-10-24,NXL,57.51,66.57,2.15
2024-10-29,NXL,18.64,2.71,2.61
2025-01-30,NXL,10.77,3.09,2.88
2025-02-05,NXL,15.11,2.32,3.58
2025-08-04,ONDS,21.36,2.02,2.67
2025-08-05,ONDS,14.98,2.56,3.07
2025-08-12,ONDS,25.07,2.83,4.29
2025-10-02,ONDS,25.99,2.12,9.21
2025-11-13,ONDS,19.06,3.08,6.56
2026-05-14,ONDS,26.52,4.63,11.21
2026-05-28,ONDS,22.69,3.63,13.25
2026-03-24,OTH,17.24,6.02,2.38
2026-04-01,OTH,22.11,2.45,2.43
2026-04-02,OTH,11.11,3.08,2.7
2026-04-09,OTH,29.45,5.0,3.78
2026-05-14,OTH,13.39,3.33,2.71
2026-01-22,PHGE,16.67,2.93,3.57
2026-01-23,PHGE,12.32,12.32,4.01
2026-01-27,PHGE,69.51,40.77,6.95
2024-08-13,PMD,27.21,39.82,2.3279
2024-12-06,PMD,36.59,4.65,3.2099
2024-12-30,POLA,21.58,56.24,3.38
2025-02-19,POLA,13.31,4.91,3.15
2025-03-04,POLA,22.39,115.56,2.46
2025-09-04,POLA,31.96,664.94,2.89
2025-10-28,POLA,10.93,375.9,4.06
2026-01-20,POLA,41.07,274.15,2.37
2026-03-12,POLA,20.62,151.65,2.34
2025-10-13,PSIG,937.12,12.55,4.75
2025-11-21,PSIG,12.0,46.45,4.2
2025-12-08,PSIG,11.11,10.34,4.6
2026-02-02,PSIG,33.89,16.98,6.44
2026-02-13,PSIG,11.58,8.21,5.59
2026-05-07,PSIG,11.53,4.42,7.16
2026-02-03,PZG,23.86,2.06,2.18
2024-08-06,RCON,44.09,58.73,2.19
2025-05-16,RCON,15.17,3.21,2.05
2025-05-22,RCON,25.65,9.32,2.4
2025-06-13,RCON,24.95,5.19,2.599
2025-07-28,RCON,11.42,3.31,2.9525
2025-07-30,RCON,20.35,3.32,2.72
2024-08-14,REBN,35.36,160.02,3.79
2025-01-29,REBN,34.71,46.32,2.29
2025-01-31,REBN,62.56,216.7,3.3
2025-02-03,REBN,54.24,22.1,5.09
2025-06-24,REBN,14.41,5.67,2.7
2025-07-08,REBN,15.67,2.13,3.1
2025-07-24,REBN,10.31,4.57,2.89
2025-08-13,REBN,12.6,4.94,2.95
2026-04-06,REBN,16.14,4.49,2.59
2024-10-17,RKDA,14.39,5.34,3.18
2024-10-18,RKDA,24.53,9.57,3.96
2024-10-23,RKDA,11.39,4.59,4.01
2024-12-05,RKDA,102.08,5971.36,5.45
2025-10-08,RKDA,31.36,583.65,4.44
2025-10-14,RKDA,10.48,12.21,3.69
2025-10-15,RKDA,47.7,39.61,5.45
2026-01-07,RKDA,13.15,2.09,2.41
2024-11-11,RUMBW,13.15,2.68,2.0
2024-11-25,RUMBW,18.88,6.42,2.33
2024-12-06,RUMBW,23.56,3.63,2.78
2024-12-23,RUMBW,107.05,15.62,4.99
2024-12-26,RUMBW,32.42,3.16,6.27
2025-05-09,RUMBW,30.22,7.02,3.49
2025-05-12,RUMBW,10.89,6.99,3.87
2025-06-26,RUMBW,10.45,4.1,3.17
2025-10-03,RUMBW,29.26,9.36,2.65
2025-10-22,RUMBW,13.24,2.99,2.48
2025-02-20,SABR,22.42,4.38,4.15
2025-04-09,SABR,27.69,3.4,2.49
2025-10-22,SABR,16.58,5.57,2.18
2026-05-07,SABR,13.11,4.65,2.07
2024-08-13,SCPH,11.29,3.38,4.93
2025-05-15,SCPH,28.57,7.28,2.88
2025-05-16,SCPH,11.81,3.95,3.22
2025-08-25,SCPH,13.81,54.48,5.52
2025-01-15,SEMR,10.65,2.04,14.75
2025-11-19,SEMR,73.96,28.94,11.76
2025-01-29,SGN,123.71,336.33,4.34
2025-01-31,SGN,47.66,11.1,3.78
2025-05-28,SGN,163.86,48.77,2.19
2025-07-11,SGN,93.5,67.01,2.38
2025-09-19,SGN,15.34,4.53,2.18
2025-08-11,SKIN,16.93,3.1,2.21
2024-10-11,SLI,15.24,2.53,2.42
2024-10-22,SLI,12.69,2.08,2.22
2025-07-10,SLI,14.23,4.27,2.73
2025-09-24,SLI,20.14,5.92,3.46
2025-08-01,SNSE,38.03,21.45,10.325
2025-10-07,SNSE,18.36,11.4,11.2564
2025-10-16,SNSE,28.52,10.4,17.575
2025-11-19,SNSE,17.29,3.06,10.015
2025-12-04,SNSE,21.38,28.42,10.56
2026-01-22,SNSE,20.4,2.85,11.33
2025-10-08,SORA,34.42,2.7,6.99
2025-11-05,SORA,39.15,45.94,4.425
2026-02-02,SORA,58.19,177.17,2.8
2026-04-23,SORA,21.12,4.21,2.81
2024-10-07,SRFM,12.37,13.17,2.18
2024-10-09,SRFM,30.9,4.56,2.33
2024-10-10,SRFM,40.34,85.7,3.27
2024-11-19,SRFM,22.35,2.39,2.19
2024-11-21,SRFM,22.44,3.44,2.51
2024-11-25,SRFM,39.93,4.91,3.75
2024-12-12,SRFM,12.68,3.89,3.82
2024-12-26,SRFM,56.41,4.76,5.49
2025-02-10,SRFM,14.32,2.54,5.11
2025-05-28,SRFM,10.0,6.83,2.75
2025-06-03,SRFM,16.67,4.32,2.52
2025-06-24,SRFM,88.48,103.54,3.6
2025-06-26,SRFM,34.25,4.92,3.41
2025-07-08,SRFM,34.07,2.86,6.1
2025-08-13,SRFM,16.47,3.08,4.88
2025-10-06,SRFM,10.3,2.14,5.14
2025-12-22,SRFM,13.11,4.09,2.07
2026-01-02,SRFM,23.2,2.87,2.39
2026-01-05,SRFM,25.52,4.04,3.0
2024-08-02,STG,10.94,4.11,9.94
2024-08-15,STG,19.33,17.86,10.0
2025-01-22,STG,23.92,4.55,6.86
2025-06-09,STG,12.81,4.37,6.695
2025-07-09,STG,23.08,21.24,7.36
2025-07-11,STG,21.98,5.97,9.1
2025-07-14,STG,18.68,11.11,10.8
2025-07-16,STG,19.03,4.02,13.95
2025-11-19,STG,21.25,4.07,6.62
2026-05-29,STG,125.74,5239.12,6.14
2024-07-09,SYNX,15.52,3.18,3.2
2024-07-24,SYNX,13.06,56.54,3.55
2024-12-05,SYNX,12.55,2.95,3.0725
2024-12-17,SYNX,37.46,39.91,3.97
2025-01-03,SYNX,27.12,16.4,4.98
2025-03-18,SYNX,11.83,17.52,4.35
2025-06-20,SYNX,21.76,11.92,2.07
2024-07-18,TCRT,590.43,2.93,4.28
2024-08-20,TCRT,37.15,5.65,2.9899
2024-08-26,TCRT,12.32,2.28,3.19
2024-09-18,TCRT,27.87,4.46,3.12
2024-09-25,TCRT,17.61,4.88,3.94
2024-11-27,TCRT,20.6,3.0,2.81
2024-12-30,TCRT,17.93,7.62,2.17
2025-01-23,TCRT,19.3,5.74,2.04
2025-04-01,TCRT,46.94,500.75,2.16
2025-04-02,TCRT,29.63,48.83,2.8
2025-04-03,TCRT,50.71,6.6,4.22
2025-10-07,TCRT,18.11,10.35,3.0
2025-10-08,TCRT,23.33,6.1,3.7
2025-11-11,TCRT,11.86,2.6,2.83
2026-05-27,TCRT,14.69,5.54,2.81
2026-06-29,TCRT,13.94,4.11,2.37
2024-08-12,TLS,31.25,6.13,2.625
2024-08-15,TLS,26.2,3.97,2.77
2024-08-20,TLS,25.26,5.29,3.62
2024-11-06,TLS,10.44,4.19,4.55
2025-05-12,TLS,29.08,2.47,2.53
2025-08-11,TLS,62.61,35.65,3.87
2025-08-12,TLS,35.4,8.99,5.24
2025-11-10,TLS,21.63,5.05,7.76
2024-08-22,TOP,14.86,12.33,2.47
2024-10-02,TOP,61.58,167.75,2.86
2026-07-06,TOP,15.25,3.3,2.04
2026-07-16,TOP,20.0,6.92,2.52
2024-09-10,TRVN,53.73,14.98,7.84
2024-10-04,TRVN,15.19,2.61,4.605
2025-03-21,UAMY,17.88,4.29,2.11
2025-04-10,UAMY,13.84,2.51,2.55
2025-04-14,UAMY,12.54,2.05,3.14
2025-07-10,UAMY,17.7,2.02,2.66
2025-07-15,UAMY,10.03,2.07,3.29
2025-07-16,UAMY,13.68,2.9,3.74
2025-09-19,UAMY,10.19,3.56,6.49
2025-09-23,UAMY,13.18,4.6,7.3
2025-10-01,UAMY,21.77,2.19,7.55
2025-10-10,UAMY,12.22,2.86,12.21
2025-10-13,UAMY,36.86,3.25,16.71
2026-01-07,UAMY,12.16,2.62,7.84
2024-10-17,UPXI,29.64,14.62,3.28
2024-10-18,UPXI,10.06,3.33,3.61
2024-10-25,UPXI,170.0,57.48,8.1
2024-10-29,UPXI,27.04,4.82,8.55
2024-12-04,UPXI,32.96,2.3,5.97
2025-01-23,UPXI,24.63,93.07,4.2
2025-02-24,UPXI,28.08,10.34,3.74
2025-04-09,UPXI,18.76,68.68,2.59
2025-04-21,UPXI,330.94,1618.64,9.89
2025-04-23,UPXI,22.33,2.17,11.01
2025-04-25,UPXI,14.72,2.22,15.51
2025-06-30,UPXI,14.62,4.6,2.98
2025-07-03,UPXI,10.55,3.58,3.195
2025-07-08,UPXI,26.69,4.11,4.13
2025-07-10,UPXI,19.9,2.67,5.0
2025-07-16,UPXI,39.62,4.38,7.26
2026-01-05,UPXI,18.85,2.29,2.27
2024-11-21,VATE,23.91,2.94,4.82
2024-11-22,VATE,24.27,8.4,5.99
2025-01-21,VATE,86.3,520.24,9.52
2025-05-22,VATE,19.37,3.86,6.84
2025-05-27,VATE,16.93,6.15,7.39
2025-08-08,VATE,13.19,2.53,5.15
2025-10-21,VATE,11.51,6.05,5.23
2025-12-18,VATE,19.29,3.16,5.38
2026-03-27,VATE,13.9,4.61,4.59
2026-03-30,VATE,19.83,8.64,5.5
2026-04-01,VATE,20.25,3.95,6.83
2026-04-02,VATE,13.76,3.63,7.77
2026-05-26,VATE,18.47,3.63,15.52
2026-06-05,VATE,10.67,2.07,18.98
2024-07-22,VGAS,18.08,6.02,5.03
2025-04-09,VGAS,11.64,3.07,3.26
2025-04-10,VGAS,17.18,6.65,3.82
2025-06-18,VGAS,10.8,6.72,3.59
2025-09-16,VGAS,14.84,3.99,3.25
2024-09-10,VRDN,32.14,18.76,18.75
2026-05-05,VRDN,33.36,7.58,18.75
2024-11-21,WORX,116.33,1035.18,2.12
2025-10-13,WWR,29.29,3.4,2.56
2025-10-14,WWR,35.94,4.88,3.48
2024-12-09,XHG,11.11,5.54,2.0
2025-05-13,XHG,12.5,6.2,2.52
2024-07-26,YIBO,53.43,144.02,2.915
2024-07-29,YIBO,36.19,1993.07,3.97
2024-08-30,YIBO,40.0,17.01,2.842
2024-10-07,YIBO,23.11,2.4,3.004
2024-10-08,YIBO,36.48,3.01,4.1
2024-12-04,YIBO,35.76,3.34,4.1
2024-12-17,YIBO,24.62,3.51,4.05
2025-01-27,YIBO,43.26,3444.71,3.08
2025-01-28,YIBO,66.88,31.37,5.14
2025-05-14,YIBO,33.72,44.37,2.3
2024-09-27,ZEPP,14.61,4.2,4.0
2025-03-18,ZEPP,13.79,4.24,3.63
2025-05-12,ZEPP,12.25,7.44,2.84
2025-07-07,ZEPP,16.78,14.12,3.48
2025-07-08,ZEPP,47.13,430.25,5.12
2025-07-11,ZEPP,69.46,3.41,10.32
2025-07-15,ZEPP,46.29,2.36,14.0
